ClientID,Line,LayerNumber,CarrierNumber,Carrier,Attachment,Limit,Capacity,Premium,PPM
1,UM,0,,Berkshire Hathaway Group,0,"10,000,000","10,000,000","3,277,515","327,751"
1,XS,1,,Liberty Mutual Group,"10,000,000","15,000,000","25,000,000","1,016,235","67,749"
1,XS,2,,Westchester Fire Insurance Company,"25,000,000","10,000,000","35,000,000","484,000","48,400"
1,XS,3,,"Sompo Holdings, Inc.","35,000,000","10,000,000","45,000,000","171,000","17,100"
2,UM,0,,CNA Group,0,"15,000,000","15,000,000","185,111","12,340"
2,XS,1,,AIG Group,"15,000,000","15,000,000","30,000,000","100,000","6,666"
2,XS,2,,Liberty Mutual Group,"30,000,000","25,000,000","55,000,000","82,850","3,314"
2,XS,3,,Zurich Group,"55,000,000","20,000,000","75,000,000","50,500","2,525"
2,XS,4,,Navigators (The Hartford),"75,000,000","25,000,000","100,000,000","49,995","1,999"
13,UM,0,,AIG Group,0,"10,000,000","10,000,000","450,000","45,000"
13,XS,1,,CNA Group,"10,000,000","15,000,000","25,000,000","250,000","16,666"
13,XS,2,,Great American P&C Group,"25,000,000","15,000,000","40,000,000","128,300","8,553"
13,XS,3,,Travelers Group,"40,000,000","15,000,000","55,000,000","69,005","4,600"
13,XS,4,,AWAC,"55,000,000","20,000,000","75,000,000","77,735","3,886"
13,XS,5,,Placeholder,"75,000,000","75,000,000","150,000,000","214,187","2,855"
13,XS,6,,Chubb Group,"150,000,000","25,000,000","175,000,000","61,600","2,464"
13,XS,7,,Hartford Group,"175,000,000","25,000,000","200,000,000","50,000","2,000"
28,UM,0,,Mitsui,0,"10,000,000","10,000,000","130,000","13,000"
28,XS,1,,Placeholder,"10,000,000","15,000,000","25,000,000","86,750","5,783"
37,UM,0,,Markel Group,0,"10,000,000","10,000,000","660,000","66,000"
37,XS,1,,Hartford Group,"10,000,000","15,000,000","25,000,000","400,000","26,666"
37,XS,2,,Chubb Group,"25,000,000","25,000,000","50,000,000","339,902","13,596"
37,XS,3,,Great American P&C Group,"50,000,000","15,000,000","65,000,000","103,325","6,888"
37,XS,4,,AXA XL Group,"65,000,000","10,000,000","75,000,000","66,780","6,678"
37,XS,5,,Placeholder,"75,000,000","25,000,000","100,000,000","105,928","4,237"
46,UM,0,,Chubb Group,0,"10,000,000","10,000,000","296,067","29,606"
46,XS,1,,Placeholder,"10,000,000","15,000,000","25,000,000","127,500","8,500"
46,XS,2,,Placeholder,"25,000,000","25,000,000","50,000,000","133,500","5,340"
46,XS,3,,Placeholder,"50,000,000","50,000,000","100,000,000","164,000","3,280"
46,XS,4,,Placeholder,"100,000,000","25,000,000","125,000,000","53,800","2,152"
52,UM,0,,Great American P&C Group,0,"15,000,000","15,000,000","635,000","42,333"
52,XS,1,,Westchester Fire Insurance Company,"15,000,000","5,000,000","20,000,000","85,000","17,000"
53,UM,0,,Liberty Mutual Group,0,"10,000,000","10,000,000","217,921","21,792"
53,XS,1,,Navigators (The Hartford),"10,000,000","15,000,000","25,000,000","175,000","11,666"
53,XS,2,,Allianz Group,"25,000,000","25,000,000","50,000,000","170,000","6,800"
53,XS,3,,Zurich Group,"50,000,000","25,000,000","75,000,000","100,000","4,000"
53,XS,4,,Great American P&C Group,"75,000,000","25,000,000","100,000,000","57,000","2,280"
53,XS,5,,AXA XL Group,"100,000,000","25,000,000","125,000,000","38,224","1,528"
53,XS,6,,Travelers Group,"125,000,000","25,000,000","150,000,000","34,475","1,379"
56,UM,0,,Safety National,0,"5,000,000","5,000,000","811,533","162,306"
56,XS,1,,Berkley Custom,"5,000,000","5,000,000","10,000,000","484,700","96,940"
56,XS,2,,AWAC,"10,000,000","10,000,000","20,000,000","833,250","83,325"
56,XS,3,,Placeholder,"20,000,000","10,000,000","30,000,000","450,000","45,000"
56,XS,4,,Westchester Fire Insurance Company,"30,000,000","20,000,000","50,000,000","495,000","24,750"
56,XS,5,,Placeholder,"50,000,000","20,000,000","70,000,000","422,100","21,105"
56,XS,6,,Placeholder,"70,000,000","20,000,000","90,000,000","360,000","18,000"
56,XS,7,,AXA XL Group,"90,000,000","10,000,000","100,000,000","160,000","16,000"
57,UM,0,,Zurich Group,0,"10,000,000","10,000,000","2,177,260","217,726"
57,XS,1,,Placeholder,"10,000,000","25,000,000","35,000,000","1,853,200","74,128"
57,XS,2,,Great American P&C Group,"35,000,000","15,000,000","50,000,000","416,000","27,733"
57,XS,3,,Placeholder,"50,000,000","15,000,000","65,000,000","355,725","23,715"
57,XS,4,,Placeholder,"65,000,000","20,000,000","85,000,000","370,900","18,545"
57,XS,5,,Navigators (The Hartford),"85,000,000","15,000,000","100,000,000","222,792","14,852"
57,XS,6,,Placeholder,"100,000,000","25,000,000","125,000,000","350,000","14,000"
58,UM,0,,Chubb Group,0,"15,000,000","15,000,000","190,476","12,698"
58,XS,1,,Placeholder,"15,000,000","10,000,000","25,000,000","97,710","9,771"
59,UM,0,,Chubb Group,0,"10,000,000","10,000,000","3,750,000","375,000"
59,XS,1,,AIG Group,"10,000,000","10,000,000","20,000,000","2,523,267","252,326"
59,XS,2,,Zurich Group,"20,000,000","15,000,000","35,000,000","1,760,000","117,333"
59,XS,3,,Everest Re Group,"35,000,000","10,000,000","45,000,000","990,000","99,000"
59,XS,4,,Starr,"45,000,000","10,000,000","55,000,000","728,000","72,800"
59,XS,5,,Placeholder,"55,000,000","25,000,000","80,000,000","1,747,875","69,915"
59,XS,6,,AXA XL Group,"80,000,000","25,000,000","105,000,000","1,625,525","65,021"
59,XS,7,,Helix,"105,000,000","15,000,000","120,000,000","536,430","35,762"
59,XS,8,,Placeholder,"120,000,000","50,000,000","170,000,000","1,001,350","20,027"
59,XS,9,,Helix,"170,000,000","5,000,000","175,000,000","92,500","18,500"
60,UM,0,,AIG Group,0,"10,000,000","10,000,000","150,000","15,000"
61,UM,0,,Chubb Group,0,"15,000,000","15,000,000","514,750","34,316"
61,XS,1,,Hartford Group,"15,000,000","10,000,000","25,000,000","225,000","22,500"
61,XS,2,,Placeholder,"25,000,000","25,000,000","50,000,000","230,060","9,202"
61,XS,3,,AIG Group,"50,000,000","10,000,000","60,000,000","75,000","7,500"
61,XS,4,,AXA XL Group,"60,000,000","15,000,000","75,000,000","88,561","5,904"
61,XS,5,,Placeholder,"75,000,000","25,000,000","100,000,000","142,372","5,694"
62,UM,0,,Navigators (The Hartford),0,"5,000,000","5,000,000","1,475,000","295,000"
62,XS,1,,Placeholder,"5,000,000","10,000,000","15,000,000","1,250,000","125,000"
62,XS,2,,Allied World Assurance Group,"15,000,000","10,000,000","25,000,000","1,176,471","117,647"
62,XS,3,,Placeholder,"25,000,000","25,000,000","50,000,000","1,068,637","42,745"
62,XS,4,,Allianz Group,"50,000,000","25,000,000","75,000,000","257,000","10,280"
62,XS,5,,Placeholder,"75,000,000","25,000,000","100,000,000","222,000","8,880"
63,UM,0,,Chubb Group,0,"10,000,000","10,000,000","1,550,000","155,000"
63,XS,1,,Placeholder,"10,000,000","15,000,000","25,000,000","1,560,000","104,000"
63,XS,2,,Navigators Group,"25,000,000","15,000,000","40,000,000","750,000","50,000"
63,XS,3,,AIG Group,"40,000,000","10,000,000","50,000,000","427,500","42,750"
63,XS,4,,Placeholder,"50,000,000","15,000,000","65,000,000","583,110","38,874"
63,XS,5,,Great American P&C Group,"65,000,000","15,000,000","80,000,000","421,800","28,120"
63,XS,6,,CNA Group,"80,000,000","15,000,000","95,000,000","277,879","18,525"
63,XS,7,,Placeholder,"95,000,000","15,000,000","110,000,000","237,000","15,800"
63,XS,8,,Placeholder,"110,000,000","40,000,000","150,000,000","484,085","12,102"
63,XS,9,,Chubb Group,"150,000,000","25,000,000","175,000,000","250,800","10,032"
63,XS,10,,Placeholder,"175,000,000","25,000,000","200,000,000","229,596","9,183"
64,UM,0,,Chubb Group,0,"15,000,000","15,000,000","750,000","50,000"
64,XS,1,,Zurich Group,"15,000,000","10,000,000","25,000,000","197,556","19,755"
64,XS,2,,Placeholder,"25,000,000","15,000,000","40,000,000","210,000","14,000"
64,XS,3,,Placeholder,"40,000,000","15,000,000","55,000,000","154,500","10,300"
64,XS,4,,Placeholder,"55,000,000","50,000,000","105,000,000","245,384","4,907"
64,XS,5,,CV Starr Group,"105,000,000","25,000,000","130,000,000","98,914","3,956"
64,XS,6,,Liberty Mutual Group,"130,000,000","20,000,000","150,000,000","70,700","3,535"
64,XS,7,,CNA Group,"150,000,000","25,000,000","175,000,000","72,036","2,881"
64,XS,8,,Placeholder,"175,000,000","75,000,000","250,000,000","218,360","2,911"
65,UM,0,,Chubb Group,0,"10,000,000","10,000,000","1,526,791","152,679"
65,XS,1,,Placeholder,"10,000,000","20,000,000","30,000,000","921,000","46,050"
65,XS,2,,Zurich Group,"30,000,000","10,000,000","40,000,000","210,080","21,008"
65,XS,3,,Placeholder,"40,000,000","25,000,000","65,000,000","391,000","15,640"
65,XS,4,,Placeholder,"65,000,000","35,000,000","100,000,000","297,500","8,500"
65,XS,5,,Nationwide Group,"100,000,000","15,000,000","115,000,000","88,000","5,866"
65,XS,6,,Placeholder,"115,000,000","35,000,000","150,000,000","182,000","5,200"
65,XS,7,,Placeholder,"150,000,000","40,000,000","190,000,000","159,106","3,977"
65,XS,8,,Navigators (The Hartford),"190,000,000","10,000,000","200,000,000","36,360","3,636"
67,UM,0,,Great American P&C Group,0,"10,000,000","10,000,000","333,945","33,394"
67,XS,1,,HDI,"10,000,000","5,000,000","15,000,000","175,000","35,000"
67,XS,2,,Allianz Group,"15,000,000","5,000,000","20,000,000","125,000","25,000"
67,XS,3,,Placeholder,"20,000,000","10,000,000","30,000,000","190,500","19,050"
67,XS,4,,Gemini,"30,000,000","10,000,000","40,000,000","200,000","20,000"
68,UM,0,,AXA XL Group,0,"10,000,000","10,000,000","177,000","17,700"
68,XS,1,,Everest Re Group,"10,000,000","15,000,000","25,000,000","105,668","7,044"
68,XS,2,,Hartford Group,"25,000,000","25,000,000","50,000,000","80,800","3,232"
70,UM,0,,Chubb Group,0,"15,000,000","15,000,000","318,000","21,200"
70,XS,1,,Zurich Group,"15,000,000","10,000,000","25,000,000","100,000","10,000"
70,XS,2,,Navigators (The Hartford),"25,000,000","25,000,000","50,000,000","85,000","3,400"
71,UM,0,,Hartford Group,0,"20,000,000","20,000,000","49,730","2,486"
73,UM,0,,Berkley Custom,0,"15,000,000","15,000,000","663,570","44,238"
75,UM,0,,Allianz Group,0,"10,000,000","10,000,000","1,256,000","125,600"
75,XS,1,,Zurich Group,"10,000,000","15,000,000","25,000,000","860,000","57,333"
75,XS,2,,Great American P&C Group,"25,000,000","15,000,000","40,000,000","330,000","22,000"
75,XS,3,,Allianz Group,"40,000,000","10,000,000","50,000,000","185,000","18,500"
75,XS,4,,AXA XL Group,"50,000,000","25,000,000","75,000,000","332,000","13,280"
75,XS,5,,Liberty Mutual Group,"75,000,000","25,000,000","100,000,000","215,000","8,600"
76,UM,0,,AXA XL Group,0,"4,000,000","4,000,000","24,925","6,231"
77,UM,0,,Navigators (The Hartford),0,"10,000,000","10,000,000","315,000","31,500"
77,XS,1,,Zurich Group,"10,000,000","15,000,000","25,000,000","198,162","13,210"
77,XS,2,,Placeholder,"25,000,000","25,000,000","50,000,000","134,000","5,360"
77,XS,3,,CNA Group,"50,000,000","25,000,000","75,000,000","77,543","3,101"
77,XS,4,,Liberty Mutual Group,"75,000,000","25,000,000","100,000,000","48,177","1,927"
78,UM,0,,Safety National,0,"10,000,000","10,000,000","500,000","50,000"
78,XS,1,,Arch Group,"10,000,000","15,000,000","25,000,000","250,000","16,666"
78,XS,2,,Placeholder,"25,000,000","25,000,000","50,000,000","220,000","8,800"
78,XS,3,,Hartford Group,"50,000,000","25,000,000","75,000,000","120,000","4,800"
78,XS,4,,Placeholder,"75,000,000","25,000,000","100,000,000","78,000","3,120"
78,XS,5,,CNA Group,"100,000,000","25,000,000","125,000,000","72,500","2,900"
78,XS,6,,Placeholder,"125,000,000","25,000,000","150,000,000","68,000","2,720"
80,UM,0,,Safety National,0,"10,000,000","10,000,000","1,175,000","117,500"
80,XS,1,,Placeholder,"10,000,000","15,000,000","25,000,000","600,000","40,000"
80,XS,2,,Liberty Mutual Group,"25,000,000","15,000,000","40,000,000","266,888","17,792"
80,XS,3,,Ascot Group,"40,000,000","10,000,000","50,000,000","121,000","12,100"
80,XS,4,,CNA Group,"50,000,000","25,000,000","75,000,000","196,870","7,874"
80,XS,5,,Allied World Assurance Group,"75,000,000","25,000,000","100,000,000","135,000","5,400"
81,UM,0,,Travelers Group,0,"10,000,000","10,000,000","166,831","16,683"
81,XS,1,,Hartford Group,"10,000,000","15,000,000","25,000,000","79,208","5,280"
81,XS,2,,CNA Group,"25,000,000","15,000,000","40,000,000","29,884","1,992"
81,XS,3,,AXA XL Group,"40,000,000","15,000,000","55,000,000","37,351","2,490"
81,XS,4,,Liberty Mutual Group,"55,000,000","10,000,000","65,000,000","30,000","3,000"
81,XS,5,,Zurich Group,"65,000,000","10,000,000","75,000,000","27,000","2,700"
82,UM,0,,Markel Group,0,"10,000,000","10,000,000","345,500","34,550"
82,XS,1,,AXA XL Group,"10,000,000","15,000,000","25,000,000","232,000","15,466"
82,XS,2,,Liberty Mutual Group,"25,000,000","15,000,000","40,000,000","85,000","5,666"
82,XS,3,,Hartford Group,"40,000,000","10,000,000","50,000,000","35,000","3,500"
83,UM,0,,Other,0,"15,000,000","15,000,000","29,867","1,991"
84,UM,0,,Sompo Holdings,0,"5,000,000","5,000,000","1,997,443","399,488"
84,XS,1,,Chubb Group,"5,000,000","10,000,000","15,000,000","885,000","88,500"
84,XS,2,,Allianz Group,"15,000,000","10,000,000","25,000,000","445,000","44,500"
84,XS,3,,Chubb Group,"25,000,000","20,000,000","45,000,000","672,500","33,625"
84,XS,4,,Placeholder,"45,000,000","25,000,000","70,000,000","421,547","16,861"
84,XS,5,,AIG Group,"70,000,000","10,000,000","80,000,000","130,000","13,000"
84,XS,6,,Chubb Group,"80,000,000","10,000,000","90,000,000","95,500","9,550"
87,UM,0,,Starr,0,"10,000,000","10,000,000","263,749","26,374"
87,XS,1,,Hartford Group,"10,000,000","15,000,000","25,000,000","160,967","10,731"
87,XS,2,,Placeholder,"25,000,000","25,000,000","50,000,000","188,660","7,546"
87,XS,3,,AXA XL Group,"50,000,000","25,000,000","75,000,000","96,296","3,851"
87,XS,4,,Chubb Group,"75,000,000","25,000,000","100,000,000","77,950","3,118"
87,XS,5,,Zurich Group,"100,000,000","25,000,000","125,000,000","48,682","1,947"
88,UM,0,,Markel Group,0,"10,000,000","10,000,000","79,500","7,950"
88,XS,1,,Zurich Group,"10,000,000","15,000,000","25,000,000","29,500","1,966"
88,XS,2,,Hartford Group,"25,000,000","25,000,000","50,000,000","35,000","1,400"
89,UM,0,,Starr,0,"5,000,000","5,000,000","174,675","34,935"
89,XS,1,,Travelers Group,"5,000,000","10,000,000","15,000,000","121,896","12,189"
89,XS,2,,Hartford Group,"15,000,000","10,000,000","25,000,000","54,742","5,474"
89,XS,3,,AXA XL Group,"25,000,000","15,000,000","40,000,000","41,500","2,766"
89,XS,4,,CNA Group,"40,000,000","15,000,000","55,000,000","25,154","1,676"
90,UM,0,,Chubb Group,0,"10,000,000","10,000,000","358,001","35,800"
90,XS,1,,Travelers Group,"10,000,000","15,000,000","25,000,000","124,059","8,270"
92,UM,0,,HDI,0,"15,000,000","15,000,000","142,789","9,519"
94,UM,0,,Chubb Group,0,"15,000,000","15,000,000","295,539","19,702"
97,UM,0,,Vanliner,0,"10,000,000","10,000,000","650,497","65,049"
97,XS,1,,Great American P&C Group,"10,000,000","15,000,000","25,000,000","365,000","24,333"
99,UM,0,,Zurich Group,0,"25,000,000","25,000,000","2,964,451","118,578"
99,XS,1,,Great American P&C Group,"25,000,000","15,000,000","40,000,000","315,000","21,000"
99,XS,2,,CNA Group,"40,000,000","10,000,000","50,000,000","151,547","15,154"
99,XS,3,,Allianz Group,"50,000,000","25,000,000","75,000,000","315,830","12,633"
99,XS,4,,Travelers Group,"75,000,000","25,000,000","100,000,000","174,028","6,961"
100,UM,0,,Zurich Group,0,"15,000,000","15,000,000","1,485,055","99,003"
100,XS,1,,Chubb Group,"15,000,000","10,000,000","25,000,000","395,000","39,500"
100,XS,2,,Placeholder,"25,000,000","25,000,000","50,000,000","460,000","18,400"
100,XS,3,,Placeholder,"50,000,000","25,000,000","75,000,000","334,336","13,373"
100,XS,4,,Placeholder,"75,000,000","25,000,000","100,000,000","204,000","8,160"
101,UM,0,,Allied World Assurance Group,0,"5,000,000","5,000,000","725,000","145,000"
101,XS,1,,Allianz Group,"5,000,000","5,000,000","10,000,000","606,900","121,380"
101,XS,2,,Aspen,"10,000,000","15,000,000","25,000,000","373,000","24,866"
101,XS,3,,Arch Group,"25,000,000","15,000,000","40,000,000","185,000","12,333"
101,XS,4,,Markel Group,"40,000,000","10,000,000","50,000,000","111,000","11,100"
101,XS,5,,Placeholder,"50,000,000","30,000,000","80,000,000","280,000","9,333"
101,XS,6,,Munich Re,"80,000,000","10,000,000","90,000,000","80,000","8,000"
101,XS,7,,First Specialty,"90,000,000","10,000,000","100,000,000","81,818","8,181"
101,XS,8,,Arch Group,"100,000,000","10,000,000","110,000,000","62,000","6,200"
101,XS,9,,Nationwide Group,"110,000,000","15,000,000","125,000,000","86,000","5,733"
101,XS,10,,CNA Group,"125,000,000","25,000,000","150,000,000","130,711","5,228"
101,XS,11,,Liberty Mutual Group,"150,000,000","15,000,000","165,000,000","72,720","4,848"
101,XS,12,,AXA XL Group,"165,000,000","10,000,000","175,000,000","45,000","4,500"
101,XS,13,,Chubb Group,"175,000,000","25,000,000","200,000,000","110,000","4,400"
103,UM,0,,Zurich Group,0,"25,000,000","25,000,000","5,800,000","232,000"
109,UM,0,,Chubb Group,0,"10,000,000","10,000,000","189,000","18,900"
109,XS,1,,AIG Group,"10,000,000","15,000,000","25,000,000","160,000","10,666"
109,XS,2,,Hartford Group,"25,000,000","25,000,000","50,000,000","115,000","4,600"
109,XS,3,,Zurich Group,"50,000,000","25,000,000","75,000,000","73,200","2,928"
109,XS,4,,CNA Group,"75,000,000","25,000,000","100,000,000","60,000","2,400"
113,UM,0,,Great American P&C Group,0,"10,000,000","10,000,000","84,063","8,406"
114,UM,0,,Travelers Group,0,"15,000,000","15,000,000","276,816","18,454"
114,XS,1,,Zurich Group,"15,000,000","10,000,000","25,000,000","71,104","7,110"
114,XS,2,,Placeholder,"25,000,000","30,000,000","55,000,000","112,529","3,750"
114,XS,3,,Placeholder,"55,000,000","30,000,000","85,000,000","100,000","3,333"
114,XS,4,,AIG Group,"85,000,000","15,000,000","100,000,000","41,500","2,766"
114,XS,5,,Placeholder,"100,000,000","50,000,000","150,000,000","84,000","1,680"
116,UM,0,,Chubb Group,0,"15,000,000","15,000,000","582,056","38,803"
116,XS,1,,Navigators (The Hartford),"15,000,000","10,000,000","25,000,000","71,000","7,100"
116,XS,2,,Great American P&C Group,"25,000,000","10,000,000","35,000,000","66,900","6,690"
116,XS,3,,Liberty Mutual Group,"35,000,000","15,000,000","50,000,000","73,917","4,927"
117,UM,0,,Great American P&C Group,0,"5,000,000","5,000,000","515,000","103,000"
117,XS,1,,Markel Group,"5,000,000","5,000,000","10,000,000","270,983","54,196"
117,XS,2,,Placeholder,"10,000,000","25,000,000","35,000,000","342,353","13,694"
117,XS,3,,Chubb Group,"35,000,000","25,000,000","60,000,000","177,000","7,080"
117,XS,4,,Placeholder,"60,000,000","15,000,000","75,000,000","69,000","4,600"
118,UM,0,,Awac,0,"9,000,000","9,000,000","449,450","49,938"
120,UM,0,,Chubb Group,0,"15,000,000","15,000,000","1,307,000","87,133"
120,XS,1,,Hartford Group,"15,000,000","10,000,000","25,000,000","437,000","43,700"
120,XS,2,,Placeholder,"25,000,000","25,000,000","50,000,000","406,654","16,266"
120,XS,3,,AXA XL Group,"50,000,000","25,000,000","75,000,000","188,500","7,540"
120,XS,4,,Travelers Group,"75,000,000","25,000,000","100,000,000","124,975","4,999"
121,UM,0,,CNA Group,0,"25,000,000","25,000,000","118,863","4,754"
121,XS,1,,Hartford Group,"25,000,000","25,000,000","50,000,000","53,000","2,120"
121,XS,2,,AXA XL Group,"50,000,000","25,000,000","75,000,000","49,200","1,968"
121,XS,3,,Liberty Mutual Group,"75,000,000","25,000,000","100,000,000","36,250","1,450"
122,UM,0,,Berkshire Hathaway Group,0,"10,000,000","10,000,000","202,000","20,200"
122,XS,1,,Aspen,"10,000,000","15,000,000","25,000,000","151,200","10,080"
122,XS,2,,Zurich Group,"25,000,000","10,000,000","35,000,000","49,389","4,938"
122,XS,3,,Great American P&C Group,"35,000,000","15,000,000","50,000,000","65,000","4,333"
122,XS,4,,Placeholder,"50,000,000","50,000,000","100,000,000","161,600","3,232"
122,XS,5,,Placeholder,"100,000,000","50,000,000","150,000,000","103,000","2,060"
123,UM,0,,CNA Group,0,"10,000,000","10,000,000","167,260","16,726"
123,XS,1,,AXA XL Group,"10,000,000","15,000,000","25,000,000","85,000","5,666"
123,XS,2,,Travelers Group,"25,000,000","25,000,000","50,000,000","53,925","2,157"
123,XS,3,,Hartford Group,"50,000,000","25,000,000","75,000,000","49,505","1,980"
123,XS,4,,Allianz Group,"75,000,000","25,000,000","100,000,000","27,500","1,100"
124,UM,0,,Markel Group,0,"10,000,000","10,000,000","183,795","18,379"
124,XS,1,,AXA XL Group,"10,000,000","15,000,000","25,000,000","180,000","12,000"
124,XS,2,,Great American P&C Group,"25,000,000","15,000,000","40,000,000","88,000","5,866"
124,XS,3,,CNA Group,"40,000,000","10,000,000","50,000,000","39,604","3,960"
124,XS,4,,Placeholder,"50,000,000","25,000,000","75,000,000","100,000","4,000"
124,XS,5,,Liberty Mutual Group,"75,000,000","25,000,000","100,000,000","54,000","2,160"
131,UM,0,,Liberty Mutual Group,0,"5,000,000","5,000,000","148,862","29,772"
132,UM,0,,Chubb Group,0,"10,000,000","10,000,000","408,000","40,800"
132,XS,1,,Placeholder,"10,000,000","20,000,000","30,000,000","500,023","25,001"
132,XS,2,,Great American P&C Group,"30,000,000","15,000,000","45,000,000","165,000","11,000"
132,XS,3,,Starr,"45,000,000","15,000,000","60,000,000","125,000","8,333"
132,XS,4,,Placeholder,"60,000,000","10,000,000","70,000,000","65,000","6,500"
136,UM,0,,kinsale,0,"4,000,000","4,000,000","20,000","5,000"
137,UM,0,,Chubb Group,0,"5,000,000","5,000,000","703,411","140,682"
137,XS,1,,AXA XL Group,"5,000,000","10,000,000","15,000,000","589,553","58,955"
137,XS,2,,AWAC,"15,000,000","10,000,000","25,000,000","255,000","25,500"
137,XS,3,,Placeholder,"25,000,000","25,000,000","50,000,000","325,000","13,000"
137,XS,4,,Placeholder,"50,000,000","25,000,000","75,000,000","199,942","7,997"
137,XS,5,,Travelers Group,"75,000,000","25,000,000","100,000,000","109,244","4,369"
137,XS,6,,Placeholder,"100,000,000","25,000,000","125,000,000","62,750","2,510"
138,UM,0,,Arch Group,0,"10,000,000","10,000,000","97,500","9,750"
138,XS,1,,CNA Group,"10,000,000","15,000,000","25,000,000","56,669","3,777"
138,XS,2,,Navigators (The Hartford),"25,000,000","25,000,000","50,000,000","90,100","3,604"
138,XS,3,,Starr,"50,000,000","15,000,000","65,000,000","51,980","3,465"
138,XS,4,,Allianz Group,"65,000,000","25,000,000","90,000,000","86,124","3,444"
138,XS,5,,Liberty Mutual Group,"90,000,000","10,000,000","100,000,000","25,000","2,500"
139,UM,0,,Chubb Group,0,"10,000,000","10,000,000","274,488","27,448"
139,XS,1,,Zurich Group,"10,000,000","15,000,000","25,000,000","108,070","7,204"
139,XS,2,,Liberty Mutual Group,"25,000,000","25,000,000","50,000,000","116,448","4,657"
139,XS,3,,CNA Group,"50,000,000","25,000,000","75,000,000","68,418","2,736"
139,XS,4,,Navigators (The Hartford),"75,000,000","25,000,000","100,000,000","43,000","1,720"
140,UM,0,,Crum & Forster Group,0,"10,000,000","10,000,000","432,500","43,250"
140,XS,1,,Markel Group,"10,000,000","15,000,000","25,000,000","181,286","12,085"
140,XS,2,,Hartford Group,"25,000,000","25,000,000","50,000,000","101,942","4,077"
140,XS,3,,Allianz Group,"50,000,000","25,000,000","75,000,000","57,843","2,313"
140,XS,4,,Travelers Group,"75,000,000","25,000,000","100,000,000","38,350","1,534"
140,XS,5,,Liberty Mutual Group,"100,000,000","25,000,000","125,000,000","31,500","1,260"
141,UM,0,,Travelers Group,0,"10,000,000","10,000,000","241,663","24,166"
141,XS,1,,Hartford,"10,000,000","15,000,000","25,000,000","114,000","7,600"
142,UM,0,,Swiss Re,0,"4,000,000","4,000,000","20,801","5,200"
142,XS,1,,Swiss Re,"4,000,000","20,000,000","24,000,000","30,199","1,509"
143,UM,0,,AIG Group,0,"10,000,000","10,000,000","648,500","64,850"
143,XS,1,,Placeholder,"10,000,000","15,000,000","25,000,000","270,000","18,000"
143,XS,2,,Allianz Group,"25,000,000","25,000,000","50,000,000","186,660","7,466"
143,XS,3,,Ascot Group,"50,000,000","10,000,000","60,000,000","50,500","5,050"
143,XS,4,,Placeholder,"60,000,000","75,000,000","135,000,000","191,354","2,551"
143,XS,5,,Liberty Mutual Group,"135,000,000","15,000,000","150,000,000","29,861","1,990"
144,UM,0,,everest,0,"5,000,000","5,000,000","346,466","69,293"
144,XS,1,,AWAC,"5,000,000","5,000,000","10,000,000","190,949","38,189"
144,XS,2,,PHLY,"10,000,000","5,000,000","15,000,000","150,000","30,000"
144,XS,3,,Placeholder/Gemini,"15,000,000","5,000,000","20,000,000","130,500","26,100"
144,XS,4,,Navigators (The Hartford),"20,000,000","5,000,000","25,000,000","130,500","26,100"
147,UM,0,,Everest Re Group,0,"10,000,000","10,000,000","897,636","89,763"
147,XS,1,,Hartford Group,"10,000,000","15,000,000","25,000,000","300,000","20,000"
147,XS,2,,Placeholder,"25,000,000","25,000,000","50,000,000","370,130","14,805"
147,XS,3,,Allianz Group,"50,000,000","25,000,000","75,000,000","168,300","6,732"
147,XS,4,,AXA XL Group,"75,000,000","25,000,000","100,000,000","148,282","5,931"
149,UM,0,,Chubb Group,0,"10,000,000","10,000,000","1,295,238","129,523"
149,XS,1,,Placeholder,"10,000,000","15,000,000","25,000,000","900,000","60,000"
149,XS,2,,Placeholder,"25,000,000","25,000,000","50,000,000","448,021","17,920"
149,XS,3,,AXA XL Group,"50,000,000","25,000,000","75,000,000","207,890","8,315"
149,XS,4,,Travelers Group,"75,000,000","25,000,000","100,000,000","135,200","5,408"
150,UM,0,,Hartford Group,0,"10,000,000","10,000,000","803,769","80,376"
150,XS,1,,Zurich Group,"10,000,000","15,000,000","25,000,000","301,990","20,132"
150,XS,2,,Allied World Assurance Group,"25,000,000","10,000,000","35,000,000","101,000","10,100"
150,XS,3,,Chubb Group,"35,000,000","15,000,000","50,000,000","117,000","7,800"
150,XS,4,,Placeholder,"50,000,000","75,000,000","125,000,000","247,554","3,300"
158,UM,0,,Hartford Group,0,"10,000,000","10,000,000","240,001","24,000"
158,XS,1,,Great American P&C Group,"10,000,000","10,000,000","20,000,000","70,700","7,070"
158,XS,2,,Placeholder,"20,000,000","30,000,000","50,000,000","144,480","4,816"
158,XS,3,,Placeholder,"50,000,000","50,000,000","100,000,000","215,152","4,303"
158,XS,4,,Placeholder,"100,000,000","50,000,000","150,000,000","188,663","3,773"
158,XS,5,,Placeholder,"150,000,000","50,000,000","200,000,000","148,511","2,970"
159,UM,0,,Chubb Group,0,"10,000,000","10,000,000","3,014,138","301,413"
159,XS,1,,AIG Group,"10,000,000","10,000,000","20,000,000","2,081,758","208,175"
159,XS,2,,Berkley Custom,"20,000,000","5,000,000","25,000,000","965,560","193,112"
159,XS,3,,Placeholder,"25,000,000","15,000,000","40,000,000","1,636,601","109,106"
159,XS,4,,Placeholder,"40,000,000","10,000,000","50,000,000","840,000","84,000"
159,XS,5,,Placeholder,"50,000,000","20,000,000","70,000,000","1,300,000","65,000"
160,UM,0,,Navigators (The Hartford),0,"10,000,000","10,000,000","850,000","85,000"
160,XS,1,,Chubb Group,"10,000,000","10,000,000","20,000,000","400,000","40,000"
160,XS,2,,Placeholder,"20,000,000","20,000,000","40,000,000","402,600","20,130"
160,XS,3,,Placeholder,"40,000,000","20,000,000","60,000,000","219,000","10,950"
160,XS,4,,Allianz Group,"60,000,000","15,000,000","75,000,000","125,000","8,333"
160,XS,5,,Placeholder,"75,000,000","30,000,000","105,000,000","165,000","5,500"
162,UM,0,,Chubb Group,0,"15,000,000","15,000,000","521,429","34,761"
162,XS,1,,Everest,"15,000,000","10,000,000","25,000,000","150,000","15,000"
162,XS,2,,CNA Group,"25,000,000","25,000,000","50,000,000","158,195","6,327"
162,XS,3,,AXA XL Group,"50,000,000","25,000,000","75,000,000","75,300","3,012"
162,XS,4,,Liberty Mutual Group,"75,000,000","25,000,000","100,000,000","63,984","2,559"
163,UM,0,,AWAC,0,"10,000,000","10,000,000","611,980","61,198"
163,XS,1,,Arch Group,"10,000,000","10,000,000","20,000,000","185,079","18,507"
163,XS,2,,Placeholder,"20,000,000","25,000,000","45,000,000","250,000","10,000"
163,XS,3,,Great American,"45,000,000","15,000,000","60,000,000","95,000","6,333"
163,XS,4,,Aspen,"60,000,000","15,000,000","75,000,000","62,000","4,133"
163,XS,5,,Navigators (The Hartford),"75,000,000","25,000,000","100,000,000","69,113","2,764"
168,UM,0,,Markel Group,0,"10,000,000","10,000,000","129,048","12,904"
168,XS,1,,Navigators (The Hartford),"10,000,000","15,000,000","25,000,000","57,000","3,800"
168,XS,2,,Liberty Mutual Group,"25,000,000","25,000,000","50,000,000","57,242","2,289"
171,UM,0,,Zurich Group,0,"15,000,000","15,000,000","383,000","25,533"
171,XS,1,,Liberty Mutual Group,"15,000,000","10,000,000","25,000,000","100,000","10,000"
171,XS,2,,Navigators (The Hartford),"25,000,000","25,000,000","50,000,000","140,000","5,600"
171,XS,3,,AXA XL Group,"50,000,000","25,000,000","75,000,000","75,000","3,000"
171,XS,4,,Allianz Group,"75,000,000","25,000,000","100,000,000","52,000","2,080"
172,UM,0,,Admiral,0,"5,000,000","5,000,000","500,000","100,000"
172,XS,1,,Bowhead,"5,000,000","5,000,000","10,000,000","350,000","70,000"
172,XS,2,,Navigators (The Hartford),"10,000,000","10,000,000","20,000,000","500,000","50,000"
174,UM,0,,Hartford Group,0,"10,000,000","10,000,000","199,022","19,902"
174,XS,1,,Placeholder,"10,000,000","20,000,000","30,000,000","143,203","7,160"
175,UM,0,,Tokio Marine / Philadelphia,0,"10,000,000","10,000,000","22,124","2,212"
179,UM,0,,CNA Group,0,"15,000,000","15,000,000","31,420","2,094"
179,XS,1,,Arch Group,"15,000,000","10,000,000","25,000,000","20,000","2,000"
181,UM,0,,Zurich Group,0,"10,000,000","10,000,000","172,100","17,210"
181,XS,1,,AXA XL Group,"10,000,000","15,000,000","25,000,000","117,000","7,800"
181,XS,2,,Navigators Group,"25,000,000","15,000,000","40,000,000","72,500","4,833"
185,UM,0,,Markel Group,0,"5,000,000","5,000,000","565,000","113,000"
185,XS,1,,Chubb,"5,000,000","10,000,000","15,000,000","520,000","52,000"
185,XS,2,,Placeholder,"15,000,000","10,000,000","25,000,000","200,000","20,000"
186,UM,0,,Sompo Holdings,0,"10,000,000","10,000,000","108,884","10,888"
186,XS,1,,Markel Group,"10,000,000","15,000,000","25,000,000","94,350","6,290"
186,XS,2,,Liberty Mutual Group,"25,000,000","12,500,000","37,500,000","60,500","4,840"
186,XS,3,,Great American P&C Group,"37,500,000","12,500,000","50,000,000","60,500","4,840"
186,XS,4,,Navigators Group,"50,000,000","25,000,000","75,000,000","69,000","2,760"
186,XS,5,,CNA Group,"75,000,000","25,000,000","100,000,000","52,500","2,100"
187,UM,0,,AXA XL Group,0,"10,000,000","10,000,000","1,611,000","161,100"
187,XS,1,,Berkshire,"10,000,000","10,000,000","20,000,000","932,710","93,271"
187,XS,2,,First Specialty,"20,000,000","5,000,000","25,000,000","392,720","78,544"
187,XS,3,,"Lexington Insurance Co., Inc.","25,000,000","10,000,000","35,000,000","506,614","50,661"
187,XS,4,,Great American P&C Group,"35,000,000","15,000,000","50,000,000","441,127","29,408"
187,XS,5,,CV Starr Group,"50,000,000","15,000,000","65,000,000","290,452","19,363"
187,XS,6,,Allied World Assurance Group,"65,000,000","25,000,000","90,000,000","385,894","15,435"
187,XS,7,,Sompo,"90,000,000","10,000,000","100,000,000","130,950","13,095"
188,UM,0,,CNA Group,0,"5,000,000","5,000,000","1,083,632","216,726"
188,XS,1,,Sompo Holdings,"5,000,000","5,000,000","10,000,000","450,000","90,000"
188,XS,2,,Berkshire Hathaway Group,"10,000,000","10,000,000","20,000,000","595,000","59,500"
189,UM,0,,Crum & Forster Group,0,"2,000,000","2,000,000","810,000","405,000"
189,XS,1,,Arch Group,"2,000,000","3,000,000","5,000,000","719,555","239,851"
189,XS,2,,Axis Capital Group,"5,000,000","5,000,000","10,000,000","720,360","144,072"
189,XS,3,,IAT,"10,000,000","5,000,000","15,000,000","550,000","110,000"
189,XS,4,,Upland,"15,000,000","5,000,000","20,000,000","455,000","91,000"
189,XS,5,,"Sompo Holdings, Inc.","20,000,000","5,000,000","25,000,000","380,000","76,000"
189,XS,6,,Great American P&C Group,"25,000,000","5,000,000","30,000,000","373,250","74,650"
189,XS,7,,Hartford Group,"30,000,000","10,000,000","40,000,000","740,000","74,000"
189,XS,8,,lloyds,"40,000,000","5,000,000","45,000,000","360,000","72,000"
192,UM,0,,Travelers Group,0,"5,000,000","5,000,000","1,043,053","208,610"
192,XS,1,,CNA Group,"5,000,000","5,000,000","10,000,000","678,247","135,649"
192,XS,2,,AIG Group,"10,000,000","5,000,000","15,000,000","560,000","112,000"
192,XS,3,,Hartford Group,"15,000,000","5,000,000","20,000,000","467,500","93,500"
193,UM,0,,Hartford Group,0,"15,000,000","15,000,000","2,500,000","166,666"
193,XS,1,,Sompo Holdings,"15,000,000","5,000,000","20,000,000","492,327","98,465"
193,XS,2,,MS Transverse Specialty Company,"20,000,000","5,000,000","25,000,000","375,000","75,000"
193,XS,3,,Placeholder,"25,000,000","25,000,000","50,000,000","970,000","38,800"
193,XS,4,,Zurich Group,"50,000,000","15,000,000","65,000,000","253,000","16,866"
193,XS,5,,CNA Group,"65,000,000","10,000,000","75,000,000","133,750","13,375"
193,XS,6,,Lloyd's of London,"75,000,000","10,000,000","85,000,000","100,000","10,000"
193,XS,7,,Placeholder,"85,000,000","15,000,000","100,000,000","135,000","9,000"
194,UM,0,,Markel Group,0,"10,000,000","10,000,000","295,500","29,550"
194,XS,1,,Placeholder,"10,000,000","20,000,000","30,000,000","200,000","10,000"
194,XS,2,,Great American P&C Group,"30,000,000","10,000,000","40,000,000","40,000","4,000"
194,XS,3,,Liberty Mutual Group,"40,000,000","10,000,000","50,000,000","35,000","3,500"
195,UM,0,,Starr,0,"10,000,000","10,000,000","4,809,514","480,951"
195,XS,1,,Hartford Group,"10,000,000","15,000,000","25,000,000","3,500,000","233,333"
195,XS,2,,Zurich Group,"25,000,000","15,000,000","40,000,000","1,609,900","107,326"
195,XS,3,,Lloyd's of London,"40,000,000","10,000,000","50,000,000","625,000","62,500"
195,XS,4,,CV Starr Group,"50,000,000","15,000,000","65,000,000","510,000","34,000"
195,XS,5,,Allianz Group,"65,000,000","15,000,000","80,000,000","450,000","30,000"
195,XS,6,,Great American P&C Group,"80,000,000","15,000,000","95,000,000","354,000","23,600"
195,XS,7,,Scor,"95,000,000","5,000,000","100,000,000","103,000","20,600"
220,UM,0,,Ironshore,0,"25,000,000","25,000,000","491,051","19,642"
232,UM,0,,Chubb Group,0,"9,000,000","9,000,000","450,000","50,000"
232,XS,1,,Sompo Holdings,"9,000,000","10,000,000","19,000,000","180,000","18,000"
232,XS,2,,Markel Group,"19,000,000","15,000,000","34,000,000","157,500","10,500"
232,XS,3,,Ascot Group,"34,000,000","15,000,000","49,000,000","98,000","6,533"
232,XS,4,,AIG Group,"49,000,000","15,000,000","64,000,000","67,500","4,500"
232,XS,5,,CNA Group,"64,000,000","15,000,000","79,000,000","52,000","3,466"
232,XS,6,,Chubb Group,"79,000,000","20,000,000","99,000,000","62,620","3,131"
233,UM,0,,Tokio Marine / Philadelphia,0,"14,000,000","14,000,000","76,736","5,481"
237,UM,0,,United Educators,0,"25,000,000","25,000,000","805,201","32,208"
238,UM,0,,Chubb Group,0,"10,000,000","10,000,000","34,978","3,497"
240,UM,0,,AIG Group,0,"10,000,000","10,000,000","165,842","16,584"
240,XS,1,,Navigators (The Hartford),"10,000,000","15,000,000","25,000,000","87,129","5,808"
240,XS,2,,Great American P&C Group,"25,000,000","15,000,000","40,000,000","46,575","3,105"
240,XS,3,,Allianz Group,"40,000,000","25,000,000","65,000,000","57,000","2,280"
240,XS,4,,Argo/Colony,"65,000,000","15,000,000","80,000,000","30,000","2,000"
240,XS,5,,AXA XL Group,"80,000,000","20,000,000","100,000,000","37,229","1,861"
241,UM,0,,Liberty Mutual Group,0,"10,000,000","10,000,000","119,895","11,989"
241,XS,1,,Hartford Group,"10,000,000","15,000,000","25,000,000","45,450","3,030"
241,XS,2,,Allianz Group,"25,000,000","25,000,000","50,000,000","48,450","1,938"
242,UM,0,,Chubb Group,0,"15,000,000","15,000,000","3,131,250","208,750"
244,UM,0,,Travelers Group,0,"10,000,000","10,000,000","91,851","9,185"
244,XS,1,,CNA Group,"10,000,000","15,000,000","25,000,000","58,500","3,900"
244,XS,2,,Chubb Group,"25,000,000","25,000,000","50,000,000","40,400","1,616"
244,XS,3,,Liberty Mutual Group,"50,000,000","25,000,000","75,000,000","27,447","1,097"
245,UM,0,,ACE Group,0,"10,000,000","10,000,000","1,116,000","111,600"
245,XS,1,,"XL Insurance America, Inc.","10,000,000","15,000,000","25,000,000","488,800","32,586"
245,XS,2,,Navigators (The Hartford),"25,000,000","15,000,000","40,000,000","187,000","12,466"
245,XS,3,,Everest Re Group,"40,000,000","10,000,000","50,000,000","106,000","10,600"
245,XS,4,,Placeholder,"50,000,000","25,000,000","75,000,000","143,375","5,735"
245,XS,5,,Placeholder,"75,000,000","25,000,000","100,000,000","120,000","4,800"
245,XS,6,,Placeholder,"100,000,000","25,000,000","125,000,000","93,600","3,744"
250,UM,0,,AIG Group,0,"10,000,000","10,000,000","931,000","93,100"
250,XS,1,,Zurich,"10,000,000","15,000,000","25,000,000","758,258","50,550"
250,XS,2,,Apollo,"25,000,000","10,000,000","35,000,000","474,597","47,459"
250,XS,3,,Great American P&C Group,"35,000,000","10,000,000","45,000,000","419,932","41,993"
250,XS,4,,Allianz Group,"45,000,000","25,000,000","70,000,000","1,045,000","41,800"
250,XS,5,,Aspen,"70,000,000","17,500,000","87,500,000","612,129","34,978"
250,XS,6,,Convex,"87,500,000","12,500,000","100,000,000","420,635","33,650"
250,XS,7,,Allianz Group,"100,000,000","25,000,000","125,000,000","798,999","31,959"
250,XS,8,,Starr,"125,000,000","10,000,000","135,000,000","241,207","24,120"
250,XS,9,,Everest Re Group,"135,000,000","15,000,000","150,000,000","352,765","23,517"
250,XS,10,,Munich Re,"150,000,000","50,000,000","200,000,000","1,145,737","22,914"
254,UM,0,,Chubb Group,0,"10,000,000","10,000,000","1,079,084","107,908"
254,XS,1,,Sompo Holdings,"10,000,000","15,000,000","25,000,000","571,100","38,073"
254,XS,2,,Hartford Group,"25,000,000","15,000,000","40,000,000","352,344","23,489"
254,XS,3,,CNA Group,"40,000,000","15,000,000","55,000,000","242,500","16,166"
254,XS,4,,Everest Re Group,"55,000,000","15,000,000","70,000,000","180,058","12,003"
254,XS,5,,Ascot Group,"70,000,000","15,000,000","85,000,000","136,568","9,104"
254,XS,6,,Allianz Group,"85,000,000","20,000,000","105,000,000","135,250","6,762"
254,XS,7,,Placeholder,"105,000,000","45,000,000","150,000,000","231,003","5,133"
255,UM,0,,Allianz Group,0,"20,000,000","20,000,000","1,025,000","51,250"
255,XS,1,,Placeholder,"20,000,000","25,000,000","45,000,000","517,500","20,700"
255,XS,2,,Placeholder,"45,000,000","25,000,000","70,000,000","355,000","14,200"
255,XS,3,,Placeholder,"70,000,000","30,000,000","100,000,000","366,000","12,200"
255,XS,4,,Convex,"100,000,000","15,000,000","115,000,000","157,500","10,500"
255,XS,5,,HDI,"115,000,000","10,000,000","125,000,000","85,000","8,500"
256,UM,0,,Awac,0,"10,000,000","10,000,000","470,000","47,000"
256,XS,1,,Allianz Group,"10,000,000","15,000,000","25,000,000","289,068","19,271"
256,XS,2,,Markel Group,"25,000,000","15,000,000","40,000,000","229,800","15,320"
256,XS,3,,Zurich Group,"40,000,000","10,000,000","50,000,000","116,150","11,615"
256,XS,4,,Placeholder,"50,000,000","25,000,000","75,000,000","163,959","6,558"
256,XS,5,,Placeholder,"75,000,000","25,000,000","100,000,000","128,000","5,120"
257,UM,0,,Hiscox Group,0,"4,000,000","4,000,000","925,000","231,250"
258,UM,0,,Arch Group,0,"1,000,000","1,000,000","47,040","47,040"
259,UM,0,,Travelers Group,0,"10,000,000","10,000,000","68,981","6,898"
259,XS,1,,CNA Group,"10,000,000","15,000,000","25,000,000","56,490","3,766"
259,XS,2,,Chubb Group,"25,000,000","25,000,000","50,000,000","61,900","2,476"
260,UM,0,,Amtrust,0,"5,000,000","5,000,000","436,160","87,232"
260,XS,1,,Great American P&C Group,"5,000,000","10,000,000","15,000,000","281,000","28,100"
260,XS,2,,Great American P&C Group,"15,000,000","10,000,000","25,000,000","162,500","16,250"
261,UM,0,,Markel Group,0,"15,000,000","15,000,000","497,375","33,158"
261,XS,1,,Berkshire Hathaway Group,"15,000,000","10,000,000","25,000,000","207,921","20,792"
261,XS,2,,Aspen,"25,000,000","5,000,000","30,000,000","105,000","21,000"
261,XS,3,,Hartford Group,"30,000,000","15,000,000","45,000,000","250,558","16,703"
261,XS,4,,Ascot Group,"45,000,000","15,000,000","60,000,000","175,500","11,700"
261,XS,5,,AIG Group,"60,000,000","15,000,000","75,000,000","110,000","7,333"
261,XS,6,,Enviant,"75,000,000","10,000,000","85,000,000","63,107","6,310"
261,XS,7,,Argo/Colony,"85,000,000","15,000,000","100,000,000","84,713","5,647"
265,UM,0,,Sompo Holdings,0,"20,000,000","20,000,000","206,826","10,341"
267,UM,0,,Mitsui,0,"24,000,000","24,000,000","1,170,000","48,750"
268,UM,0,,Mitsui,0,"24,000,000","24,000,000","1,170,000","48,750"
270,UM,0,,Mitsui,0,"24,000,000","24,000,000","1,170,000","48,750"
271,UM,0,,Mitsui,0,"24,000,000","24,000,000","1,170,000","48,750"
272,UM,0,,Mitsui,0,"24,000,000","24,000,000","1,170,000","48,750"
273,UM,0,,Travelers Group,0,"10,000,000","10,000,000","399,933","39,993"
273,XS,1,,AXA XL Group,"10,000,000","15,000,000","25,000,000","103,302","6,886"
273,XS,2,,everest,"25,000,000","15,000,000","40,000,000","62,100","4,140"
273,XS,3,,Liberty Mutual Group,"40,000,000","10,000,000","50,000,000","25,755","2,575"
274,UM,0,,Travelers Group,0,"10,000,000","10,000,000","110,812","11,081"
274,XS,1,,everest,"10,000,000","15,000,000","25,000,000","49,249","3,283"
274,XS,2,,Zurich Group,"25,000,000","25,000,000","50,000,000","47,975","1,919"
275,UM,0,,Travelers Group,0,"10,000,000","10,000,000","539,678","53,967"
275,XS,1,,AXA XL Group,"10,000,000","15,000,000","25,000,000","207,793","13,852"
275,XS,2,,Zurich Group,"25,000,000","25,000,000","50,000,000","123,321","4,932"
277,UM,0,,Mitsui,0,"24,000,000","24,000,000","1,170,000","48,750"
278,UM,0,,Travelers Group,0,"10,000,000","10,000,000","106,441","10,644"
278,XS,1,,AXA XL Group,"10,000,000","15,000,000","25,000,000","128,000","8,533"
278,XS,2,,Placeholder,"25,000,000","25,000,000","50,000,000","95,997","3,839"
278,XS,3,,Placeholder,"50,000,000","50,000,000","100,000,000","131,950","2,639"
283,UM,0,,AXA XL Group,0,"10,000,000","10,000,000","494,059","49,405"
283,XS,1,,Everest Re Group,"10,000,000","15,000,000","25,000,000","222,000","14,800"
283,XS,2,,Placeholder,"25,000,000","25,000,000","50,000,000","222,000","8,880"
283,XS,3,,Aspen,"50,000,000","25,000,000","75,000,000","97,000","3,880"
283,XS,4,,Hartford Group,"75,000,000","25,000,000","100,000,000","77,500","3,100"
283,XS,5,,Travelers Group,"100,000,000","25,000,000","125,000,000","69,675","2,787"
291,UM,0,,Travelers Group,0,"10,000,000","10,000,000","265,723","26,572"
291,XS,1,,AXA XL Group,"10,000,000","15,000,000","25,000,000","68,500","4,566"
291,XS,2,,AIG Group,"25,000,000","10,000,000","35,000,000","28,785","2,878"
291,XS,3,,Hartford Group,"35,000,000","15,000,000","50,000,000","33,027","2,201"
293,UM,0,,Chubb Group,0,"10,000,000","10,000,000","435,193","43,519"
293,XS,1,,Ironshore,"10,000,000","10,000,000","20,000,000","250,850","25,085"
293,XS,2,,Everest Re Group,"20,000,000","10,000,000","30,000,000","125,925","12,592"
293,XS,3,,NorthStar,"30,000,000","10,000,000","40,000,000","81,975","8,197"
293,XS,4,,Medmarc,"40,000,000","10,000,000","50,000,000","59,255","5,925"
293,XS,5,,TDC,"50,000,000","10,000,000","60,000,000","50,000","5,000"
293,XS,6,,Beazley,"60,000,000","10,000,000","70,000,000","48,000","4,800"
293,XS,7,,Euclid,"70,000,000","10,000,000","80,000,000","45,000","4,500"
302,UM,0,,AXA XL Group,0,"15,000,000","15,000,000","775,200","51,680"
308,UM,0,,AIG Group,0,"10,000,000","10,000,000","701,000","70,100"
308,XS,1,,Travelers Group,"10,000,000","20,000,000","30,000,000","399,968","19,998"
308,XS,2,,CNA Group,"30,000,000","15,000,000","45,000,000","119,825","7,988"
309,UM,0,,AXA XL Group,0,"10,000,000","10,000,000","820,700","82,070"
309,XS,1,,CNA Group,"10,000,000","10,000,000","20,000,000","450,000","45,000"
309,XS,2,,Allianz Group,"20,000,000","10,000,000","30,000,000","235,000","23,500"
309,XS,3,,QBE Group,"30,000,000","10,000,000","40,000,000","155,000","15,500"
309,XS,4,,Hartford Group,"40,000,000","10,000,000","50,000,000","102,000","10,200"
309,XS,5,,Ascot Group,"50,000,000","15,000,000","65,000,000","105,000","7,000"
309,XS,6,,Travelers Group,"65,000,000","15,000,000","80,000,000","91,500","6,100"
309,XS,7,,Placeholder,"80,000,000","20,000,000","100,000,000","112,000","5,600"
309,XS,8,,Placeholder,"100,000,000","25,000,000","125,000,000","128,500","5,140"
309,XS,9,,AIG Group,"125,000,000","25,000,000","150,000,000","128,475","5,139"
310,UM,0,,Hartford Group,0,"5,000,000","5,000,000","518,294","103,658"
310,XS,1,,Crum & Forster Group,"5,000,000","5,000,000","10,000,000","213,011","42,602"
310,XS,2,,Ascot Group,"10,000,000","10,000,000","20,000,000","252,500","25,250"
310,XS,3,,Argo/Colony,"20,000,000","10,000,000","30,000,000","103,000","10,300"
311,UM,0,,Chubb Group,0,"15,000,000","15,000,000","4,295,000","286,333"
311,XS,1,,AXA XL Group,"15,000,000","10,000,000","25,000,000","1,887,825","188,782"
311,XS,2,,Allianz Group,"25,000,000","10,000,000","35,000,000","681,190","68,119"
311,XS,3,,CV Starr Group,"35,000,000","15,000,000","50,000,000","784,000","52,266"
311,XS,4,,QBE Group,"50,000,000","10,000,000","60,000,000","455,000","45,500"
311,XS,5,,First Specialty,"60,000,000","5,000,000","65,000,000","209,250","41,850"
311,XS,6,,Placeholder,"65,000,000","10,000,000","75,000,000","350,000","35,000"
311,XS,7,,CNA Group,"75,000,000","10,000,000","85,000,000","250,000","25,000"
312,UM,0,,Travelers Group,0,"10,000,000","10,000,000","191,949","19,194"
312,XS,1,,AXA XL Group,"10,000,000","15,000,000","25,000,000","150,445","10,029"
312,XS,2,,Placeholder,"25,000,000","75,000,000","100,000,000","314,563","4,194"
313,UM,0,,Hartford Group,0,"5,000,000","5,000,000","106,820","21,364"
318,UM,0,,Axis Capital Group,0,"5,000,000","5,000,000","1,500,000","300,000"
318,XS,1,,Starr,"5,000,000","5,000,000","10,000,000","685,947","137,189"
318,XS,2,,Allied World Assurance Group,"10,000,000","10,000,000","20,000,000","720,000","72,000"
318,XS,3,,Placeholder,"20,000,000","10,000,000","30,000,000","375,000","37,500"
318,XS,4,,Placeholder,"30,000,000","40,000,000","70,000,000","616,000","15,400"
318,XS,5,,Westfield,"70,000,000","15,000,000","85,000,000","119,500","7,966"
318,XS,6,,Argo/Colony,"85,000,000","15,000,000","100,000,000","60,000","4,000"
320,UM,0,,Chubb Group,0,"10,000,000","10,000,000","176,000","17,600"
320,XS,1,,Liberty Mutual Group,"10,000,000","15,000,000","25,000,000","61,540","4,102"
321,UM,0,,Chubb Group,0,"10,000,000","10,000,000","348,571","34,857"
321,XS,1,,Zurich Group,"10,000,000","15,000,000","25,000,000","147,100","9,806"
321,XS,2,,Hartford Group,"25,000,000","25,000,000","50,000,000","168,500","6,740"
321,XS,3,,Liberty Mutual Group,"50,000,000","25,000,000","75,000,000","75,000","3,000"
321,XS,4,,Allianz Group,"75,000,000","25,000,000","100,000,000","75,000","3,000"
323,UM,0,,Westchester Fire Insurance Company,0,"5,000,000","5,000,000","478,500","95,700"
323,XS,1,,Arch Group,"5,000,000","5,000,000","10,000,000","205,000","41,000"
323,XS,2,,Hartford Group,"10,000,000","15,000,000","25,000,000","280,000","18,666"
323,XS,3,,sompo,"25,000,000","15,000,000","40,000,000","125,000","8,333"
323,XS,4,,Great American P&C Group,"40,000,000","10,000,000","50,000,000","58,000","5,800"
323,XS,5,,Arch Group,"50,000,000","15,000,000","65,000,000","67,000","4,466"
323,XS,6,,Westchester Fire Insurance Company,"65,000,000","10,000,000","75,000,000","38,000","3,800"
323,XS,7,,AIG Group,"75,000,000","25,000,000","100,000,000","70,000","2,800"
325,UM,0,,Axis Capital Group,0,"5,000,000","5,000,000","1,350,000","270,000"
325,XS,1,,Convex,"5,000,000","5,000,000","10,000,000","820,000","164,000"
325,XS,2,,Placeholder,"10,000,000","20,000,000","30,000,000","1,000,000","50,000"
326,UM,0,,Axis Capital Group,0,"5,000,000","5,000,000","1,500,000","300,000"
326,XS,1,,Starr,"5,000,000","5,000,000","10,000,000","685,947","137,189"
326,XS,2,,AWAC,"10,000,000","10,000,000","20,000,000","720,000","72,000"
326,XS,3,,Placeholder,"20,000,000","10,000,000","30,000,000","375,000","37,500"
326,XS,4,,Placeholder,"30,000,000","40,000,000","70,000,000","616,000","15,400"
326,XS,5,,Westfield,"70,000,000","15,000,000","85,000,000","119,500","7,966"
326,XS,6,,Argo/Colony,"85,000,000","15,000,000","100,000,000","60,000","4,000"
328,UM,0,,Westchester Fire Insurance Company,0,"5,000,000","5,000,000","197,000","39,400"
328,XS,1,,CNA Group,"5,000,000","5,000,000","10,000,000","111,139","22,227"
328,XS,2,,AIG Group,"10,000,000","15,000,000","25,000,000","240,000","16,000"
328,XS,3,,Chubb Group,"25,000,000","15,000,000","40,000,000","125,859","8,390"
328,XS,4,,AXA XL Group,"40,000,000","15,000,000","55,000,000","111,580","7,438"
329,UM,0,,Chubb Group,0,"10,000,000","10,000,000","130,000","13,000"
329,XS,1,,Hartford Group,"10,000,000","15,000,000","25,000,000","78,000","5,200"
329,XS,2,,Allianz Group,"25,000,000","25,000,000","50,000,000","52,500","2,100"
330,UM,0,,Chubb Group,0,"15,000,000","15,000,000","630,000","42,000"
330,XS,1,,Placeholder,"15,000,000","15,000,000","30,000,000","485,001","32,333"
330,XS,2,,CNA Group,"30,000,000","10,000,000","40,000,000","90,600","9,060"
330,XS,3,,Placeholder,"40,000,000","10,000,000","50,000,000","76,900","7,690"
330,XS,4,,Everest Re Group,"50,000,000","10,000,000","60,000,000","71,400","7,140"
330,XS,5,,Scottsdale,"60,000,000","10,000,000","70,000,000","65,900","6,590"
330,XS,6,,Placeholder,"70,000,000","6,177,000","76,177,000","39,027","6,318"
337,UM,0,,Chubb Group,0,"10,000,000","10,000,000","204,900","20,490"
338,UM,0,,AIG Group,0,"10,000,000","10,000,000","2,495,000","249,500"
338,XS,1,,Hartford Group,"10,000,000","15,000,000","25,000,000","1,198,000","79,866"
338,XS,2,,QBE Group,"25,000,000","10,000,000","35,000,000","595,000","59,500"
338,XS,3,,Great American P&C Group,"35,000,000","15,000,000","50,000,000","526,000","35,066"
338,XS,4,,Placeholder,"50,000,000","50,000,000","100,000,000","918,920","18,378"
338,XS,5,,Placeholder,"100,000,000","20,000,000","120,000,000","311,502","15,575"
338,XS,6,,Placeholder,"120,000,000","30,000,000","150,000,000","283,000","9,433"
338,XS,7,,CV Starr Group,"150,000,000","25,000,000","175,000,000","200,000","8,000"
340,UM,0,,Chubb Group,0,"10,000,000","10,000,000","1,099,219","109,921"
340,XS,1,,Travelers Group,"10,000,000","10,000,000","20,000,000","383,301","38,330"
340,XS,2,,Navigators (The Hartford),"20,000,000","10,000,000","30,000,000","165,825","16,582"
340,XS,3,,Zurich Group,"30,000,000","15,000,000","45,000,000","106,580","7,105"
340,XS,4,,Liberty Mutual Group,"45,000,000","15,000,000","60,000,000","89,705","5,980"
340,XS,5,,Allianz Group,"60,000,000","10,000,000","70,000,000","54,065","5,406"
340,XS,6,,AXA XL Group,"70,000,000","15,000,000","85,000,000","76,973","5,131"
340,XS,7,,CNA Group,"85,000,000","25,000,000","110,000,000","111,947","4,477"
340,XS,8,,Great American P&C Group,"110,000,000","15,000,000","125,000,000","64,155","4,277"
341,UM,0,,AIG Group,0,"10,000,000","10,000,000","615,645","61,564"
341,XS,1,,Zurich Group,"10,000,000","15,000,000","25,000,000","322,998","21,533"
341,XS,2,,Hartford Group,"25,000,000","25,000,000","50,000,000","282,500","11,300"
341,XS,3,,AXA XL Group,"50,000,000","15,000,000","65,000,000","108,600","7,240"
341,XS,4,,Allianz Group,"65,000,000","10,000,000","75,000,000","60,000","6,000"
341,XS,5,,Great American P&C Group,"75,000,000","25,000,000","100,000,000","122,600","4,904"
341,XS,6,,Placeholder,"100,000,000","50,000,000","150,000,000","201,575","4,031"
343,UM,0,,AIG Group,0,"10,000,000","10,000,000","420,028","42,002"
343,XS,1,,AXA XL Group,"10,000,000","15,000,000","25,000,000","177,745","11,849"
346,UM,0,,Liberty Mutual Group,0,"25,000,000","25,000,000","432,615","17,304"
348,UM,0,,Berkshire Hathaway Group,0,"30,000,000","30,000,000","157,248","5,241"
351,UM,0,,CNA Group,0,"10,000,000","10,000,000","397,659","39,765"
351,XS,1,,Everest Re Group,"10,000,000","15,000,000","25,000,000","155,347","10,356"
351,XS,2,,Travelers Group,"25,000,000","25,000,000","50,000,000","186,125","7,445"
351,XS,3,,Hartford Group,"50,000,000","25,000,000","75,000,000","102,485","4,099"
351,XS,4,,Allianz Group,"75,000,000","25,000,000","100,000,000","49,471","1,978"
353,UM,0,,Travelers Group,0,"10,000,000","10,000,000","236,084","23,608"
353,XS,1,,Everest Re Group,"10,000,000","10,000,000","20,000,000","130,134","13,013"
353,XS,2,,Allied World Assurance Group,"20,000,000","20,000,000","40,000,000","119,767","5,988"
353,XS,3,,AIG Group,"40,000,000","10,000,000","50,000,000","57,000","5,700"
353,XS,4,,Placeholder,"50,000,000","25,000,000","75,000,000","82,300","3,292"
355,UM,0,,Everest Re Group,0,"10,000,000","10,000,000","1,125,000","112,500"
355,XS,1,,Chubb Group,"10,000,000","15,000,000","25,000,000","785,408","52,360"
355,XS,2,,Placeholder,"25,000,000","25,000,000","50,000,000","716,250","28,650"
355,XS,3,,CNA Group,"50,000,000","10,000,000","60,000,000","188,400","18,840"
355,XS,4,,Nationwide Group,"60,000,000","15,000,000","75,000,000","172,619","11,507"
355,XS,5,,Placeholder,"75,000,000","15,000,000","90,000,000","161,485","10,765"
355,XS,6,,Allianz Group,"90,000,000","10,000,000","100,000,000","90,000","9,000"
356,UM,0,,Chubb Group,0,"10,000,000","10,000,000","1,010,399","101,039"
356,XS,1,,Allianz Group,"10,000,000","15,000,000","25,000,000","1,135,000","75,666"
356,XS,2,,Placeholder,"25,000,000","10,000,000","35,000,000","620,000","62,000"
356,XS,3,,Placeholder,"35,000,000","15,000,000","50,000,000","795,000","53,000"
356,XS,4,,Scor,"50,000,000","15,000,000","65,000,000","615,000","41,000"
356,XS,5,,CV Starr Group,"65,000,000","25,000,000","90,000,000","800,000","32,000"
356,XS,6,,Placeholder,"90,000,000","20,000,000","110,000,000","560,000","28,000"
356,XS,7,,Placeholder,"110,000,000","25,000,000","135,000,000","600,000","24,000"
356,XS,8,,Placeholder,"135,000,000","25,000,000","160,000,000","500,000","20,000"
359,UM,0,,Awac,0,"10,000,000","10,000,000","2,025,000","202,500"
359,XS,1,,Placeholder,"10,000,000","15,000,000","25,000,000","1,347,332","89,822"
359,XS,2,,Placeholder,"25,000,000","20,000,000","45,000,000","1,141,350","57,067"
359,XS,3,,Nationwide Group,"45,000,000","10,000,000","55,000,000","326,100","32,610"
359,XS,4,,Chubb Group,"55,000,000","15,000,000","70,000,000","270,663","18,044"
359,XS,5,,Liberty Mutual Group,"70,000,000","15,000,000","85,000,000","193,147","12,876"
359,XS,6,,Argo/Colony,"85,000,000","15,000,000","100,000,000","130,440","8,696"
361,UM,0,,AIG Group,0,"100,000,000","100,000,000","7,527,535","75,275"
365,UM,0,,Awac,0,"10,000,000","10,000,000","750,000","75,000"
365,XS,1,,Hartford Group,"10,000,000","15,000,000","25,000,000","460,000","30,666"
365,XS,2,,Chubb Group,"25,000,000","15,000,000","40,000,000","204,762","13,650"
365,XS,3,,C N A,"40,000,000","15,000,000","55,000,000","179,850","11,990"
365,XS,4,,Placeholder,"55,000,000","45,000,000","100,000,000","341,999","7,599"
365,XS,5,,Placeholder,"100,000,000","25,000,000","125,000,000","120,000","4,800"
366,UM,0,,Awac,0,"10,000,000","10,000,000","1,852,255","185,225"
366,XS,1,,Ironshore,"10,000,000","15,000,000","25,000,000","1,022,175","68,145"
366,XS,2,,"Sompo Holdings, Inc.","25,000,000","15,000,000","40,000,000","800,890","53,392"
369,UM,0,,AIG Group,0,"10,000,000","10,000,000","465,000","46,500"
369,XS,1,,Hartford,"10,000,000","15,000,000","25,000,000","224,000","14,933"
369,XS,2,,Placeholder,"25,000,000","25,000,000","50,000,000","206,000","8,240"
369,XS,3,,Placeholder,"50,000,000","25,000,000","75,000,000","164,183","6,567"
369,XS,4,,Placeholder,"75,000,000","25,000,000","100,000,000","130,000","5,200"
369,XS,5,,Placeholder,"100,000,000","100,000,000","200,000,000","409,594","4,095"
371,UM,0,,Awac,0,"5,000,000","5,000,000","2,675,000","535,000"
371,XS,1,,Sompo Holdings,"5,000,000","5,000,000","10,000,000","1,400,000","280,000"
371,XS,2,,Placeholder,"10,000,000","15,000,000","25,000,000","2,050,000","136,666"
371,XS,3,,Starr,"25,000,000","15,000,000","40,000,000","865,000","57,666"
371,XS,4,,Bowhead,"40,000,000","10,000,000","50,000,000","408,000","40,800"
371,XS,5,,Great American P&C Group,"50,000,000","15,000,000","65,000,000","450,000","30,000"
371,XS,6,,Allied World Assurance Group,"65,000,000","10,000,000","75,000,000","225,000","22,500"
371,XS,7,,Placeholder,"75,000,000","25,000,000","100,000,000","484,500","19,380"
371,XS,8,,Westchester Fire Insurance Company,"100,000,000","25,000,000","125,000,000","300,000","12,000"
371,XS,9,,Placeholder,"125,000,000","75,000,000","200,000,000","849,990","11,333"
375,UM,0,,CNA Group,0,"25,000,000","25,000,000","39,987","1,599"
376,UM,0,,Lloyd's of London,0,"5,000,000","5,000,000","395,036","79,007"
376,XS,1,,Sutton Specialty,"5,000,000","5,000,000","10,000,000","251,298","50,259"
376,XS,2,,Crum & Forster Group,"10,000,000","5,000,000","15,000,000","162,812","32,562"
377,UM,0,,Sompo Holdings,0,"5,000,000","5,000,000","1,695,000","339,000"
377,XS,1,,Chubb Group,"5,000,000","10,000,000","15,000,000","750,000","75,000"
377,XS,2,,Allianz Group,"15,000,000","10,000,000","25,000,000","378,499","37,849"
377,XS,3,,Chubb Group,"25,000,000","20,000,000","45,000,000","570,000","28,500"
377,XS,4,,Placeholder,"45,000,000","25,000,000","70,000,000","358,927","14,357"
377,XS,5,,AIG Group,"70,000,000","10,000,000","80,000,000","110,000","11,000"
377,XS,6,,Chubb Group,"80,000,000","10,000,000","90,000,000","81,000","8,100"
378,UM,0,,United Educators,0,"30,000,000","30,000,000","268,444","8,948"
381,UM,0,,Travelers Group,0,"15,000,000","15,000,000","121,679","8,111"
381,XS,1,,Zurich Group,"15,000,000","10,000,000","25,000,000","49,288","4,928"
381,XS,2,,Hartford Group,"25,000,000","25,000,000","50,000,000","78,500","3,140"
381,XS,3,,AXA XL Group,"50,000,000","25,000,000","75,000,000","66,500","2,660"
382,UM,0,,CNA Group,0,"10,000,000","10,000,000","136,840","13,684"
383,UM,0,,Aegis,0,"50,000,000","50,000,000","687,064","13,741"
385,UM,0,,Allianz Group,0,"10,000,000","10,000,000","116,000","11,600"
385,XS,1,,Placeholder,"10,000,000","15,000,000","25,000,000","129,000","8,600"
385,XS,2,,Placeholder,"25,000,000","25,000,000","50,000,000","170,242","6,809"
395,UM,0,,AXA XL Group,0,"10,000,000","10,000,000","2,700,000","270,000"
395,XS,1,,Sompo Holdings,"10,000,000","5,000,000","15,000,000","1,178,500","235,700"
395,XS,2,,AIG Group,"15,000,000","10,000,000","25,000,000","1,873,800","187,380"
395,XS,3,,Hartford Group,"25,000,000","5,000,000","30,000,000","818,715","163,743"
395,XS,4,,Westchester Fire Insurance Company,"30,000,000","10,000,000","40,000,000","1,200,000","120,000"
395,XS,5,,Allianz Group,"40,000,000","5,000,000","45,000,000","516,000","103,200"
395,XS,6,,Vantage,"45,000,000","5,000,000","50,000,000","563,500","112,700"
395,XS,7,,Everest Re Group,"50,000,000","5,000,000","55,000,000","502,737","100,547"
395,XS,8,,Great American P&C Group,"55,000,000","10,000,000","65,000,000","896,844","89,684"
395,XS,9,,Lloyd's of London,"65,000,000","2,500,000","67,500,000","207,777","83,110"
395,XS,10,,Allied World Assurance Group,"67,500,000","10,000,000","77,500,000","834,937","83,493"
395,XS,11,,CNA Group,"77,500,000","15,000,000","92,500,000","1,090,310","72,687"
395,XS,12,,AIG Group,"92,500,000","7,500,000","100,000,000","543,281","72,437"
397,UM,0,,Allied World Assurance Group,0,"10,000,000","10,000,000","161,600","16,160"
397,XS,1,,Chubb Group,"10,000,000","15,000,000","25,000,000","120,000","8,000"
397,XS,2,,Ascot Group,"25,000,000","10,000,000","35,000,000","58,580","5,858"
397,XS,3,,Placeholder,"35,000,000","50,000,000","85,000,000","117,850","2,357"
397,XS,4,,Placeholder,"85,000,000","50,000,000","135,000,000","109,540","2,190"
397,XS,5,,CNA Group,"135,000,000","25,000,000","160,000,000","48,750","1,950"
397,XS,6,,Placeholder,"160,000,000","40,000,000","200,000,000","70,388","1,759"
398,UM,0,,Sompo Holdings,0,"10,000,000","10,000,000","140,013","14,001"
399,UM,0,,Chubb Group,0,"15,000,000","15,000,000","125,000","8,333"
399,XS,1,,Allianz Group,"15,000,000","10,000,000","25,000,000","83,300","8,330"
399,XS,2,,"Sompo Holdings, Inc.","25,000,000","10,000,000","35,000,000","70,000","7,000"
399,XS,3,,Placeholder,"35,000,000","20,000,000","55,000,000","102,000","5,100"
399,XS,4,,Placeholder,"55,000,000","45,000,000","100,000,000","157,500","3,500"
400,UM,0,,Zurich Group,0,"10,000,000","10,000,000","79,400","7,940"
400,XS,1,,CNA Group,"10,000,000","15,000,000","25,000,000","60,000","4,000"
400,XS,2,,Placeholder,"25,000,000","50,000,000","75,000,000","115,000","2,300"
400,XS,3,,Liberty Mutual Group,"75,000,000","25,000,000","100,000,000","42,000","1,680"
401,UM,0,,Lexington Insurance Co.,0,"5,000,000","5,000,000","784,125","156,825"
401,XS,1,,CNA Group,"5,000,000","10,000,000","15,000,000","601,261","60,126"
402,UM,0,,Arch Group,0,"10,000,000","10,000,000","240,000","24,000"
402,XS,1,,markel,"10,000,000","15,000,000","25,000,000","134,532","8,968"
402,XS,2,,Placeholder,"25,000,000","25,000,000","50,000,000","115,000","4,600"
402,XS,3,,Liberty Mutual Group,"50,000,000","25,000,000","75,000,000","60,221","2,408"
406,UM,0,,Chubb Group,0,"50,000,000","50,000,000","75,789","1,515"
407,UM,0,,AXA XL Group,0,"10,000,000","10,000,000","1,868,859","186,885"
407,XS,1,,Lexington Insurance Co.,"10,000,000","10,000,000","20,000,000","1,240,000","124,000"
407,XS,2,,Aspen,"20,000,000","15,000,000","35,000,000","1,111,000","74,066"
407,XS,3,,Colony,"35,000,000","15,000,000","50,000,000","841,471","56,098"
407,XS,4,,Vantage,"50,000,000","15,000,000","65,000,000","541,314","36,087"
407,XS,5,,Allianz Group,"65,000,000","10,000,000","75,000,000","290,190","29,019"
407,XS,6,,Placeholder,"75,000,000","15,000,000","90,000,000","300,440","20,029"
409,UM,0,,AIG Group,0,"10,000,000","10,000,000","192,016","19,201"
409,XS,1,,Travelers Group,"10,000,000","15,000,000","25,000,000","99,481","6,632"
409,XS,2,,Hartford Group,"25,000,000","25,000,000","50,000,000","92,000","3,680"
409,XS,3,,Placeholder,"50,000,000","50,000,000","100,000,000","118,978","2,379"
414,UM,0,,Travelers Group,0,"10,000,000","10,000,000","951,661","95,166"
414,XS,1,,Great American P&C Group,"10,000,000","15,000,000","25,000,000","478,000","31,866"
414,XS,2,,Allied World Assurance Group,"25,000,000","15,000,000","40,000,000","230,098","15,339"
414,XS,3,,Chubb Group,"40,000,000","10,000,000","50,000,000","82,000","8,200"
417,UM,0,,Travelers Group,0,"10,000,000","10,000,000","171,465","17,146"
417,XS,1,,Everest,"10,000,000","15,000,000","25,000,000","74,154","4,943"
417,XS,2,,Allianz Group,"25,000,000","25,000,000","50,000,000","55,226","2,209"
417,XS,3,,Liberty Mutual Group,"50,000,000","25,000,000","75,000,000","40,500","1,620"
418,UM,0,,Chubb Group,0,"10,000,000","10,000,000","710,522","71,052"
418,XS,1,,Placeholder,"10,000,000","25,000,000","35,000,000","880,973","35,238"
418,XS,2,,Placeholder,"35,000,000","15,000,000","50,000,000","469,113","31,274"
418,XS,3,,CV Starr Group,"50,000,000","25,000,000","75,000,000","383,557","15,342"
418,XS,4,,Scor,"75,000,000","15,000,000","90,000,000","196,696","13,113"
418,XS,5,,Markel Group,"90,000,000","10,000,000","100,000,000","113,314","11,331"
418,XS,6,,Placeholder,"100,000,000","75,000,000","175,000,000","740,596","9,874"
420,UM,0,,Markel Group,0,"10,000,000","10,000,000","404,200","40,420"
420,XS,1,,AIG Group,"10,000,000","15,000,000","25,000,000","181,890","12,126"
420,XS,2,,CNA Group,"25,000,000","15,000,000","40,000,000","79,000","5,266"
420,XS,3,,Travelers Group,"40,000,000","10,000,000","50,000,000","34,180","3,418"
421,UM,0,,Markel Group,0,"10,000,000","10,000,000","646,600","64,660"
421,XS,1,,Allied World Assurance Group,"10,000,000","15,000,000","25,000,000","357,717","23,847"
421,XS,2,,Placeholder,"25,000,000","25,000,000","50,000,000","324,000","12,960"
421,XS,3,,Arch Group,"50,000,000","25,000,000","75,000,000","195,000","7,800"
431,UM,0,,Zurich Group,0,"5,000,000","5,000,000","907,384","181,476"
431,XS,1,,Everest Re Group,"5,000,000","5,000,000","10,000,000","680,000","136,000"
431,XS,2,,Berkley Custom,"10,000,000","15,000,000","25,000,000","665,000","44,333"
431,XS,3,,Starr,"25,000,000","25,000,000","50,000,000","559,198","22,367"
431,XS,4,,Westchester Fire Insurance Company,"50,000,000","25,000,000","75,000,000","325,000","13,000"
431,XS,5,,Placeholder,"75,000,000","25,000,000","100,000,000","262,802","10,512"
431,XS,6,,Great American P&C Group,"100,000,000","25,000,000","125,000,000","186,600","7,464"
431,XS,7,,Allied World Assurance Group,"125,000,000","25,000,000","150,000,000","135,000","5,400"
431,XS,8,,Placeholder,"150,000,000","50,000,000","200,000,000","252,500","5,050"
433,UM,0,,QBE Group,0,"10,000,000","10,000,000","1,400,000","140,000"
433,XS,1,,Chubb Group,"10,000,000","15,000,000","25,000,000","700,000","46,666"
433,XS,2,,Placeholder,"25,000,000","25,000,000","50,000,000","450,000","18,000"
433,XS,3,,Placeholder,"50,000,000","25,000,000","75,000,000","261,000","10,440"
441,UM,0,,Starr,0,"15,000,000","15,000,000","486,933","32,462"
441,XS,1,,Gemini,"15,000,000","10,000,000","25,000,000","160,016","16,001"
443,UM,0,,Chubb Group,0,"10,000,000","10,000,000","865,000","86,500"
443,XS,1,,Ascot Group,"10,000,000","10,000,000","20,000,000","365,000","36,500"
443,XS,2,,Placeholder,"20,000,000","30,000,000","50,000,000","565,009","18,833"
443,XS,3,,Travelers Group,"50,000,000","25,000,000","75,000,000","165,422","6,616"
449,UM,0,,Chubb Group,0,"10,000,000","10,000,000","1,847,761","184,776"
450,UM,0,,Allied World Assurance Group,0,"10,000,000","10,000,000","710,000","71,000"
450,XS,1,,Arch Group,"10,000,000","10,000,000","20,000,000","218,160","21,816"
450,XS,2,,Placeholder,"20,000,000","25,000,000","45,000,000","290,088","11,603"
450,XS,3,,Great American P&C Group,"45,000,000","15,000,000","60,000,000","110,000","7,333"
450,XS,4,,Aspen,"60,000,000","15,000,000","75,000,000","71,000","4,733"
450,XS,5,,Hartford Group,"75,000,000","25,000,000","100,000,000","82,400","3,296"
451,UM,0,,Lexington Insurance Co.,0,"3,000,000","3,000,000","607,000","202,333"
451,XS,1,,Applied,"3,000,000","2,000,000","5,000,000","255,800","127,900"
451,XS,2,,AWAC,"5,000,000","5,000,000","10,000,000","338,450","67,690"
451,XS,3,,Westchester Fire Insurance Company,"10,000,000","10,000,000","20,000,000","400,000","40,000"
451,XS,4,,Aspen,"20,000,000","5,000,000","25,000,000","100,000","20,000"
451,XS,5,,Ascot Group,"25,000,000","15,000,000","40,000,000","210,000","14,000"
451,XS,6,,Allianz Group,"40,000,000","10,000,000","50,000,000","72,755","7,275"
452,UM,0,,distinguished,0,"170,000,000","170,000,000","92,740",545
458,UM,0,,Berkshire Hathaway Group,0,"3,000,000","3,000,000","525,200","175,066"
462,UM,0,,Travelers Group,0,"10,000,000","10,000,000","249,879","24,987"
462,XS,1,,AIG Group,"10,000,000","15,000,000","25,000,000","183,167","12,211"
462,XS,2,,Placeholder,"25,000,000","25,000,000","50,000,000","260,000","10,400"
462,XS,3,,Placeholder,"50,000,000","25,000,000","75,000,000","204,000","8,160"
462,XS,4,,Placeholder,"75,000,000","25,000,000","100,000,000","168,950","6,758"
468,UM,0,,Allianz Group,0,"20,000,000","20,000,000","432,000","21,600"
468,XS,1,,Placeholder,"20,000,000","30,000,000","50,000,000","320,001","10,666"
468,XS,2,,Placeholder,"50,000,000","25,000,000","75,000,000","175,000","7,000"
471,UM,0,,Travelers Group,0,"10,000,000","10,000,000","148,998","14,899"
477,UM,0,,Tokio Marine / Philadelphia,0,"24,000,000","24,000,000","88,614","3,692"
478,UM,0,,Travelers Group,0,"25,000,000","25,000,000","38,196","1,527"
478,XS,1,,Navigators (The Hartford),"25,000,000","25,000,000","50,000,000","38,196","1,527"
478,XS,2,,CNA Group,"50,000,000","25,000,000","75,000,000","32,400","1,296"
482,UM,0,,United Educators,0,"30,000,000","30,000,000","1,491,385","49,712"
488,UM,0,,Admiral,0,"5,000,000","5,000,000","18,468","3,693"
488,XS,1,,PHLY,"5,000,000","5,000,000","10,000,000","11,375","2,275"
492,UM,0,,Allianz Group,0,"10,000,000","10,000,000","54,366","5,436"
492,XS,1,,Navigators (The Hartford),"10,000,000","15,000,000","25,000,000","45,000","3,000"
492,XS,2,,AXA XL Group,"25,000,000","15,000,000","40,000,000","29,297","1,953"
501,UM,0,,Allied World Assurance Group,0,"10,000,000","10,000,000","699,425","69,942"
501,XS,1,,Zurich Group,"10,000,000","15,000,000","25,000,000","262,802","17,520"
501,XS,2,,Navigators (The Hartford),"25,000,000","25,000,000","50,000,000","142,001","5,680"
501,XS,3,,CNA Group,"50,000,000","25,000,000","75,000,000","69,734","2,789"
501,XS,4,,Liberty Mutual Group,"75,000,000","25,000,000","100,000,000","56,560","2,262"
517,UM,0,,Starr,0,"10,000,000","10,000,000","684,011","68,401"
517,XS,1,,Allied World Assurance Group,"10,000,000","15,000,000","25,000,000","350,000","23,333"
517,XS,2,,Great American P&C Group,"25,000,000","25,000,000","50,000,000","359,102","14,364"
523,UM,0,,Aspen,0,"3,000,000","3,000,000","750,750","250,250"
523,XS,1,,Zurich Group,"3,000,000","2,000,000","5,000,000","230,588","115,294"
528,UM,0,,VaCorp,0,"40,000,000","40,000,000","676,000","16,900"
529,UM,0,,Aspen,0,"10,000,000","10,000,000","753,100","75,310"
529,XS,1,,Lloyd's of London,"10,000,000","10,000,000","20,000,000","321,750","32,175"
529,XS,2,,Vantage,"20,000,000","10,000,000","30,000,000","150,000","15,000"
529,XS,3,,Placeholder,"30,000,000","135,000,000","165,000,000","592,198","4,386"
533,UM,0,,General Star,0,"5,000,000","5,000,000","79,219","15,843"
533,XS,1,,RSUI Group,"5,000,000","5,000,000","10,000,000","32,000","6,400"
534,UM,0,,Chubb Group,0,"10,000,000","10,000,000","1,500,000","150,000"
534,XS,1,,Hartford Group,"10,000,000","15,000,000","25,000,000","585,335","39,022"
534,XS,2,,Zurich Group,"25,000,000","25,000,000","50,000,000","455,005","18,200"
534,XS,3,,Placeholder,"50,000,000","35,000,000","85,000,000","255,595","7,302"
534,XS,4,,Placeholder,"85,000,000","25,000,000","110,000,000","150,000","6,000"
534,XS,5,,Great American P&C Group,"110,000,000","20,000,000","130,000,000","105,000","5,250"
534,XS,6,,Aspen,"130,000,000","20,000,000","150,000,000","73,800","3,690"
535,UM,0,,Zurich Group,0,"10,000,000","10,000,000","534,100","53,410"
535,XS,1,,Allied World Assurance Group,"10,000,000","15,000,000","25,000,000","320,460","21,364"
535,XS,2,,Allianz Group,"25,000,000","25,000,000","50,000,000","151,655","6,066"
535,XS,3,,Placeholder,"50,000,000","25,000,000","75,000,000","129,050","5,162"
535,XS,4,,Placeholder,"75,000,000","25,000,000","100,000,000","110,699","4,427"
535,XS,5,,AXA XL Group,"100,000,000","25,000,000","125,000,000","47,500","1,900"
535,XS,6,,CNA Group,"125,000,000","25,000,000","150,000,000","42,546","1,701"
535,XS,7,,Placeholder,"150,000,000","25,000,000","175,000,000","41,585","1,663"
535,XS,8,,Liberty Mutual Group,"175,000,000","25,000,000","200,000,000","32,522","1,300"
536,UM,0,,Chubb Group,0,"10,000,000","10,000,000","2,705,568","270,556"
536,XS,1,,Allianz Group,"10,000,000","15,000,000","25,000,000","1,224,000","81,600"
536,XS,2,,Ascot Group,"25,000,000","15,000,000","40,000,000","793,500","52,900"
536,XS,3,,AXA XL Group,"40,000,000","15,000,000","55,000,000","478,040","31,869"
536,XS,4,,Liberty Mutual Group,"55,000,000","15,000,000","70,000,000","424,988","28,332"
536,XS,5,,Placeholder,"70,000,000","30,000,000","100,000,000","658,619","21,953"
536,XS,6,,Chubb Group,"100,000,000","25,000,000","125,000,000","410,000","16,400"
542,UM,0,,AWAC,0,"10,000,000","10,000,000","1,200,000","120,000"
542,XS,1,,Hartford Group,"10,000,000","10,000,000","20,000,000","435,000","43,500"
542,XS,2,,Allianz Group,"20,000,000","20,000,000","40,000,000","340,000","17,000"
542,XS,3,,Great American P&C Group,"40,000,000","15,000,000","55,000,000","188,000","12,533"
542,XS,4,,Everest Re Group,"55,000,000","25,000,000","80,000,000","215,250","8,610"
543,UM,0,,Liberty Mutual Group,0,"10,000,000","10,000,000","320,619","32,061"
543,XS,1,,Axis Capital Group,"10,000,000","10,000,000","20,000,000","188,573","18,857"
543,XS,2,,Launch,"20,000,000","10,000,000","30,000,000","115,000","11,500"
558,UM,0,,houston specialty insurance company,0,"1,000,000","1,000,000","7,625","7,625"
559,UM,0,,Lexington Insurance Co.,0,"3,000,000","3,000,000","675,000","225,000"
559,XS,1,,Navigators (The Hartford),"3,000,000","5,000,000","8,000,000","390,000","78,000"
559,XS,2,,"Sompo Holdings, Inc.","8,000,000","2,000,000","10,000,000","87,925","43,962"
559,XS,3,,Arch Group,"10,000,000","13,000,000","23,000,000","153,500","11,807"
559,XS,4,,Zurich Group,"23,000,000","10,000,000","33,000,000","108,975","10,897"
559,XS,5,,Allied World Assurance Group,"33,000,000","15,000,000","48,000,000","123,375","8,225"
559,XS,6,,Placeholder,"48,000,000","50,000,000","98,000,000","199,118","3,982"
